<?xml version="1.0" encoding="UTF-8"?>
<infoList vendor="NXP">&#x0A;<info chip="LPC865" name="LPC865">&#x0A;<chip>&#x0A;<name>LPC865</name>&#x0A;<family>LPC86x</family>&#x0A;<vendor>NXP</vendor>&#x0A;<memory can_program="true" id="Flash" is_ro="true" size="64" type="Flash"/>&#x0A;<memory id="RAM" size="8" type="RAM"/>&#x0A;<memoryInstance derived_from="Flash" driver="LPC86x_64.cfx" id="PROGRAM_FLASH" location="0x0" size="0x10000"/>&#x0A;<memoryInstance derived_from="RAM" id="SRAM" location="0x10000000" size="0x1fe0"/>&#x0A;<memoryInstance derived_from="RAM" id="IAP_SRAM" location="0x10001fe0" size="0x20"/>&#x0A;</chip>&#x0A;<processor>&#x0A;<name gcc_name="cortex-m0plus">Cortex-M0+</name>&#x0A;<family>Cortex-M</family>&#x0A;</processor>&#x0A;</info>&#x0A;</infoList>
