<?xml version="1.0" encoding="UTF-8"?>
<!DOCTYPE infoList
  SYSTEM "crt_infolist.dtd">
<infoList vendor="NXP">
   <info name="LPC865" chip="LPC865">
      <chip>
         <name>LPC865</name>
         <family>LPC86x</family>
         <vendor>NXP</vendor>
         <memory id="Flash"
                 type="Flash"
                 size="64"
                 is_ro="true"
                 can_program="true"/>
         <memory id="RAM" type="RAM" size="8"/>
         <memoryInstance id="PROGRAM_FLASH"
                         derived_from="Flash"
                         location="0x00000000"
                         size="0x00010000"
                         driver="LPC86x_64.cfx"/>
         <memoryInstance id="SRAM"
                         derived_from="RAM"
                         location="0x10000000"
                         size="0x00001fe0"/>
         <memoryInstance id="IAP_SRAM"
                         derived_from="RAM"
                         location="0x10001fe0"
                         size="0x00000020"/>
      </chip>
      <processor>
         <name gcc_name="cortex-m0plus">Cortex-M0+</name>
         <family>Cortex-M</family>
      </processor>
   </info>
</infoList>
